[
  {
    "course_id": 2,
    "title": "Python nâng cao",
    "description": "Khóa học nâng cao về Python, phù hợp với người đã có nền tảng",
    "language": "Python",
    "created_by": 1,
    "created_at": "2025-06-30T15:28:06.101175"
  },
  {
    "course_id": 3,
    "title": "Python Cơ Bản Cho Người Mới Bắt Đầu",
    "description": "Học các kiến thức nền tảng về Python: cú pháp, biến, kiểu dữ liệu, điều kiện, vòng lặp và file.",
    "language": "vi",
    "created_by": 1,
    "created_at": "2025-07-08T16:34:12.107485"
  },
  {
    "course_id": 5,
    "title": "Test1",
    "description": "test",
    "language": "javascript",
    "created_by": 1,
    "created_at": "2025-07-12T10:05:53.401413"
  },
  {
    "course_id": 6,
    "title": "Python for Beginners",
    "description": "An introductory course to Python programming.",
    "language": "English",
    "created_by": 1,
    "created_at": "2025-07-12T10:08:40.116146"
  },
  {
    "course_id": 7,
    "title": "Test",
    "description": "ê",
    "language": "python",
    "created_by": 1,
    "created_at": "2025-07-12T10:10:05.624220"
  },
  {
    "course_id": 1,
    "title": "Perl cơ bản",
    "description": "Khóa học dành cho người mới bắt đầu học Perl",
    "language": "Python",
    "created_by": 2,
    "created_at": "2025-06-30T15:28:06.101175"
  },
  {
    "course_id": 9,
    "title": "Python Tutorial",
    "description": "Python is a popular programming language.\nPython can be used on a server to create web applications.",
    "language": "python",
    "created_by": 3,
    "created_at": "2025-07-21T09:45:00.584655"
  },
  {
    "course_id": 10,
    "title": "JavaScript cơ bản",
    "description": "Cải thiện javascript",
    "language": "javascript",
    "created_by": 3,
    "created_at": "2025-07-22T09:37:41.054877"
  }
]