[
  {
    "assignment_id": 11,
    "lesson_id": 1,
    "type": "code",
    "title": "Test",
    "description": "viết hàm sum python",
    "due_date": "2025-07-27",
    "created_at": "2025-07-04T08:48:36.333016"
  },
  {
    "assignment_id": 6001,
    "lesson_id": 2001,
    "type": "quiz",
    "title": "Quiz: Python là gì?",
    "description": "Kiểm tra kiến thức nền tảng về Python",
    "due_date": "2025-08-01",
    "created_at": "2025-07-08T22:21:33.589346"
  },
  {
    "assignment_id": 6002,
    "lesson_id": 2001,
    "type": "upload",
    "title": "Upload: Viết cảm nhận",
    "description": "Viết một đoạn văn mô tả tại sao bạn chọn học Python và upload file .txt",
    "due_date": "2025-08-02",
    "created_at": "2025-07-08T22:21:33.589346"
  },
  {
    "assignment_id": 6003,
    "lesson_id": 2002,
    "type": "code",
    "title": "Viết chương trình sử dụng biến",
    "description": "Tạo và in ra thông tin một người",
    "due_date": "2025-08-03",
    "created_at": "2025-07-08T22:21:33.589346"
  },
  {
    "assignment_id": 6004,
    "lesson_id": 2002,
    "type": "quiz",
    "title": "Quiz: Kiểu dữ liệu",
    "description": "Chọn đúng kiểu dữ liệu trong Python",
    "due_date": "2025-08-04",
    "created_at": "2025-07-08T22:21:33.589346"
  },
  {
    "assignment_id": 6005,
    "lesson_id": 2003,
    "type": "code",
    "title": "Viết hàm xếp loại học lực",
    "description": "Nhập điểm và in ra học lực tương ứng",
    "due_date": "2025-08-05",
    "created_at": "2025-07-08T22:21:33.589346"
  },
  {
    "assignment_id": 6006,
    "lesson_id": 2004,
    "type": "code",
    "title": "Lặp số",
    "description": "In các số chẵn từ 0 đến n",
    "due_date": "2025-08-06",
    "created_at": "2025-07-08T22:21:33.589346"
  },
  {
    "assignment_id": 6007,
    "lesson_id": 2004,
    "type": "upload",
    "title": "Upload: Vòng lặp",
    "description": "Viết một đoạn code về for/while, chụp ảnh màn hình và upload file PDF",
    "due_date": "2025-08-07",
    "created_at": "2025-07-08T22:21:33.589346"
  },
  {
    "assignment_id": 6008,
    "lesson_id": 2005,
    "type": "code",
    "title": "File I/O cơ bản",
    "description": "Ghi và đọc nội dung từ file",
    "due_date": "2025-08-08",
    "created_at": "2025-07-08T22:21:33.589346"
  },
  {
    "assignment_id": 12,
    "lesson_id": 2,
    "type": "code",
    "title": "Test",
    "description": "None",
    "due_date": "2025-07-24",
    "created_at": "2025-07-11T09:29:10.694858"
  },
  {
    "assignment_id": 13,
    "lesson_id": 2010,
    "type": "quiz",
    "title": "None",
    "description": "None",
    "due_date": "2025-07-18",
    "created_at": "2025-07-17T16:14:21.483273"
  },
  {
    "assignment_id": 14,
    "lesson_id": 2002,
    "type": "code",
    "title": "Không",
    "description": "tets",
    "due_date": "2025-07-26",
    "created_at": "2025-07-17T16:21:56.948300"
  },
  {
    "assignment_id": 15,
    "lesson_id": 2,
    "type": "quiz",
    "title": "Quiz",
    "description": "Trắc nghiệm",
    "due_date": "2025-07-23",
    "created_at": "2025-07-21T09:00:33.224473"
  },
  {
    "assignment_id": 16,
    "lesson_id": 2,
    "type": "code",
    "title": "Test_1",
    "description": "Tính sum",
    "due_date": "2025-07-23",
    "created_at": "2025-07-21T09:13:50.022955"
  },
  {
    "assignment_id": 17,
    "lesson_id": 2004,
    "type": "quiz",
    "title": "Test",
    "description": "Quiz",
    "due_date": "2025-07-30",
    "created_at": "2025-07-21T09:22:43.115842"
  },
  {
    "assignment_id": 18,
    "lesson_id": 2020,
    "type": "quiz",
    "title": "Test",
    "description": "Quiz",
    "due_date": "2025-07-26",
    "created_at": "2025-07-22T09:53:54.024167"
  }
]